{
  "daisy": {
    "precision": 0.9396551724137931,
    "recall": 0.8861788617886179,
    "f1-score": 0.9121338912133892,
    "support": 123.0
  },
  "dandelion": {
    "precision": 0.9050279329608939,
    "recall": 0.9257142857142857,
    "f1-score": 0.9152542372881356,
    "support": 175.0
  },
  "roses": {
    "precision": 0.8782608695652174,
    "recall": 0.8706896551724138,
    "f1-score": 0.8744588744588745,
    "support": 116.0
  },
  "sunflowers": {
    "precision": 0.9178082191780822,
    "recall": 0.9054054054054054,
    "f1-score": 0.9115646258503401,
    "support": 148.0
  },
  "tulips": {
    "precision": 0.8764044943820225,
    "recall": 0.9069767441860465,
    "f1-score": 0.8914285714285715,
    "support": 172.0
  },
  "accuracy": 0.9019073569482289,
  "macro avg": {
    "precision": 0.903431337700002,
    "recall": 0.8989929904533538,
    "f1-score": 0.9009680400478622,
    "support": 734.0
  },
  "weighted avg": {
    "precision": 0.9024699248183683,
    "recall": 0.9019073569482289,
    "f1-score": 0.9019570415442298,
    "support": 734.0
  }
}