{
  "train_loss": [
    0.8941370533012889,
    0.4887963760776156,
    0.4104898935767545,
    0.36821605805155366,
    0.3382845786108308,
    0.3180180297966549,
    0.3075901066087572,
    0.2877966268673255,
    0.2725646387816125,
    0.27044353018989353
  ],
  "val_loss": [
    0.5306095396465437,
    0.40791240683693325,
    0.35925503931838093,
    0.3332894382749656,
    0.3107840463478494,
    0.2943259310332566,
    0.28733990984976454,
    0.28638400474426207,
    0.27536128173082336,
    0.28683093482532035
  ],
  "val_acc": [
    0.8242506811989101,
    0.8569482288828338,
    0.8664850136239782,
    0.8896457765667575,
    0.8869209809264306,
    0.8910081743869209,
    0.9019073569482289,
    0.8937329700272479,
    0.8978201634877384,
    0.8978201634877384
  ]
}